Variable,Site,Station,N (ours),N (report),Bias (ours),Bias (report),MAE (ours),MAE (report),RMSE (ours),RMSE (report),R2 (ours),R2 (report)
temperature,Ankara,TSMS00,1506096,1514469,0.06,0.056,0.471,0.46,0.668,0.619,0.996,0.997
humidity,Ankara,TSMS00,688519,1059354,-1.743,-2.204,3.15,4.101,4.033,6.468,0.976,0.918
pressure,Ankara,TSMS00,1341788,1351439,1.041,1.028,1.136,1.123,1.388,1.328,0.97,0.975
wind_speed,Ankara,TSMS00,1477585,1210010,0.276,0.771,0.92,1.13,1.353,1.603,0.267,0.151
temperature,Ankara,TSMS01,1250585,1264441,-0.068,-0.073,0.545,0.534,0.761,0.714,0.994,0.995
humidity,Ankara,TSMS01,626919,856603,1.531,0.494,3.124,4.142,4.087,7.22,0.974,0.888
pressure,Ankara,TSMS01,885187,893326,1.223,1.21,1.227,1.214,1.339,1.329,0.989,0.989
wind_speed,Ankara,TSMS01,1320481,1116808,-0.625,-0.279,0.701,0.405,0.972,0.527,0.257,0.15
temperature,Ankara,TSMS02,1232973,1256261,0.029,0.017,0.46,0.445,0.717,0.619,0.995,0.996
humidity,Ankara,TSMS02,895862,968502,0.726,0.262,2.182,2.877,3.086,5.805,0.981,0.926
pressure,Ankara,TSMS02,1235071,1260039,1.268,1.255,1.313,1.299,1.536,1.476,0.972,0.977
wind_speed,Ankara,TSMS02,1254389,715155,-0.445,0.308,0.726,0.664,0.986,0.862,0.274,0.346
temperature,Konya,TSMS03,1409629,1314095,0.059,1.097,0.769,1.387,0.989,1.779,0.99,0.98
humidity,Konya,TSMS03,1341699,1150722,3.588,-2.971,4.267,6.846,5.554,8.757,0.969,0.858
pressure,Konya,TSMS03,1413093,1374546,0.403,-1.133,0.583,1.595,0.798,1.783,0.981,0.916
wind_speed,Konya,TSMS03,1414817,790085,-0.351,-0.528,0.388,0.615,0.523,0.79,0.39,0.161
temperature,Konya,TSMS04,1325827,1315400,-0.183,0.897,0.656,1.254,0.809,1.634,0.993,0.981
humidity,Konya,TSMS04,1172905,1110912,6.675,0.206,6.906,5.84,8.224,7.621,0.984,0.878
pressure,Konya,TSMS04,1411524,1374680,-0.808,-2.364,1.25,2.727,1.349,2.884,0.95,0.879
wind_speed,Konya,TSMS04,1411642,906116,-0.309,-0.557,0.353,0.638,0.449,0.808,0.553,0.165
temperature,Konya,TSMS05,1407004,1314050,0.125,1.158,0.721,1.415,0.922,1.804,0.991,0.98
humidity,Konya,TSMS05,1371047,1155156,2.503,-4.147,3.524,6.898,4.586,8.876,0.979,0.871
pressure,Konya,TSMS05,1410061,1375160,-0.347,-1.861,0.639,2.06,0.749,2.302,0.981,0.916
wind_speed,Konya,TSMS05,1410275,841917,-0.407,-0.677,0.436,0.746,0.562,0.934,0.356,0.059
temperature,Adana,TSMS06,1392701,1351706,-0.641,0.204,1.164,0.34,4.238,0.517,0.8,0.998
humidity,Adana,TSMS06,1372933,1093229,-3.912,0.76,7.301,3.102,17.585,4.031,0.55,0.971
pressure,Adana,TSMS06,1109401,1126789,0.563,0.556,0.767,0.771,1.074,1.08,0.983,0.982
wind_speed,Adana,TSMS06,1448808,924004,0.118,0.288,0.414,0.479,0.574,0.62,0.5,0.531
temperature,Adana,TSMS07,1488864,1499507,0.105,0.106,0.369,0.367,0.517,0.514,0.997,0.997
humidity,Adana,TSMS07,1310370,1198689,4.604,4.924,5.289,5.427,5.999,6.13,0.968,0.969
pressure,Adana,TSMS07,1244486,1255723,0.098,0.107,0.661,0.665,0.825,0.829,0.985,0.985
wind_speed,Adana,TSMS07,1495532,939328,0.073,0.254,0.394,0.468,0.558,0.604,0.513,0.537
temperature,Adana,TSMS08,1486553,1501693,0.118,0.123,0.293,0.298,0.429,0.473,0.998,0.997
humidity,Adana,TSMS08,1204296,1042763,1.422,1.801,3.618,3.549,4.57,4.518,0.97,0.968
pressure,Adana,TSMS08,1237739,1251907,0.327,0.31,0.723,0.729,0.961,1.004,0.981,0.978
wind_speed,Adana,TSMS08,1497622,554519,-0.206,0.235,0.552,0.449,0.826,0.588,0.115,0.416
