Site,Station,Paired days (ours),Paired days (report),Ref wet days (ours),Ref wet days (report),3D-PAWS wet days (ours),3D-PAWS wet days (report),POD (ours),POD (report),FAR (ours),FAR (report),CSI (ours),CSI (report),Ref total mm (ours),3D-PAWS total mm (ours)
Ankara,TSMS00,1034,1028,338,104,226,220,0.577,0.837,0.137,0.605,0.528,0.367,10568.66,885.2
Ankara,TSMS01,874,868,270,76,116,112,0.344,0.566,0.198,0.616,0.317,0.297,8366.28,388.4
Ankara,TSMS02,878,873,286,92,167,162,0.465,0.598,0.204,0.66,0.416,0.276,9421.98,542.6
Konya,TSMS03,1003,973,214,180,446,437,0.71,0.706,0.659,0.709,0.299,0.259,790.2,790.4
Konya,TSMS04,1000,939,217,181,374,385,0.682,0.685,0.604,0.678,0.334,0.281,803.8,798.2
Konya,TSMS05,999,938,214,179,384,363,0.79,0.793,0.56,0.609,0.394,0.355,790.2,3011.2
Adana,TSMS06,1021,1014,429,80,195,189,0.366,0.925,0.195,0.608,0.336,0.379,1298.7,1395.0
Adana,TSMS07,1053,1046,434,81,285,279,0.445,0.951,0.323,0.724,0.367,0.272,1323.1,1245.6
Adana,TSMS08,1031,1047,422,81,150,171,0.275,0.778,0.227,0.632,0.254,0.333,1294.2,1052.2
