Site,Station,Sensor,In report?,Pairing,N (report),N (ours),Bias (report),Bias (ours),MAE (report),MAE (ours),RMSE (report),RMSE (ours),R2 (report),R2 (ours)
Ankara,TSMS00,3D-PAWS anemometer (2 m),yes (report sensor),all QC-valid paired minutes (report method),1210010.0,1492835,0.771,0.272,1.13,0.92,1.603,1.352,0.151,0.266
Ankara,TSMS00,3D-PAWS anemometer (2 m),no (extra sensor/variant),sensitivity: calm excluded (both anemometers > 0),,1196042,,0.415,,1.038,,1.474,,0.194
Ankara,TSMS01,3D-PAWS anemometer (2 m),yes (report sensor),all QC-valid paired minutes (report method),1116808.0,1345248,-0.279,-0.622,0.405,0.698,0.527,0.967,0.15,0.258
Ankara,TSMS01,3D-PAWS anemometer (2 m),no (extra sensor/variant),sensitivity: calm excluded (both anemometers > 0),,1149902,,-0.667,,0.733,,0.988,,0.235
Ankara,TSMS02,3D-PAWS anemometer (2 m),yes (report sensor),all QC-valid paired minutes (report method),715155.0,875794,0.308,-0.166,0.664,0.574,0.862,0.775,0.346,0.457
Ankara,TSMS02,3D-PAWS anemometer (2 m),no (extra sensor/variant),sensitivity: calm excluded (both anemometers > 0),,681981,,-0.096,,0.596,,0.789,,0.408
Konya,TSMS03,3D-PAWS anemometer (2 m),yes (report sensor),all QC-valid paired minutes (report method),790085.0,1449069,-0.528,-0.352,0.615,0.389,0.79,0.524,0.161,0.39
Konya,TSMS03,3D-PAWS anemometer (2 m),no (extra sensor/variant),sensitivity: calm excluded (both anemometers > 0),,754234,,-0.313,,0.383,,0.501,,0.398
Konya,TSMS04,3D-PAWS anemometer (2 m),yes (report sensor),all QC-valid paired minutes (report method),906116.0,1448263,-0.557,-0.309,0.638,0.354,0.808,0.449,0.165,0.553
Konya,TSMS04,3D-PAWS anemometer (2 m),no (extra sensor/variant),sensitivity: calm excluded (both anemometers > 0),,824947,,-0.329,,0.407,,0.503,,0.407
Konya,TSMS05,3D-PAWS anemometer (2 m),yes (report sensor),all QC-valid paired minutes (report method),841917.0,1449014,-0.677,-0.41,0.746,0.439,0.934,0.564,0.059,0.354
Konya,TSMS05,3D-PAWS anemometer (2 m),no (extra sensor/variant),sensitivity: calm excluded (both anemometers > 0),,714215,,-0.442,,0.5,,0.634,,0.257
Adana,TSMS06,3D-PAWS anemometer (2 m),yes (report sensor),all QC-valid paired minutes (report method),924004.0,1404036,0.288,0.07,0.479,0.389,0.62,0.522,0.531,0.565
Adana,TSMS06,3D-PAWS anemometer (2 m),no (extra sensor/variant),sensitivity: calm excluded (both anemometers > 0),,857550,,0.024,,0.442,,0.558,,0.443
Adana,TSMS07,3D-PAWS anemometer (2 m),yes (report sensor),all QC-valid paired minutes (report method),939328.0,1425954,0.254,0.026,0.468,0.368,0.604,0.505,0.537,0.584
Adana,TSMS07,3D-PAWS anemometer (2 m),no (extra sensor/variant),sensitivity: calm excluded (both anemometers > 0),,855057,,-0.008,,0.43,,0.55,,0.454
Adana,TSMS08,3D-PAWS anemometer (2 m),yes (report sensor),all QC-valid paired minutes (report method),554519.0,816781,0.235,-0.026,0.449,0.411,0.588,0.596,0.416,0.421
Adana,TSMS08,3D-PAWS anemometer (2 m),no (extra sensor/variant),sensitivity: calm excluded (both anemometers > 0),,489755,,0.007,,0.384,,0.514,,0.469
