Site,Station,Temperature (report),Temperature (ours),Temperature days (ours),Temperature before QC removals (ours),RH (report),RH (ours),RH days (ours),RH before QC removals (ours),Pressure (report),Pressure (ours),Pressure days (ours),Pressure before QC removals (ours),Wind speed (report),Wind speed (ours),Wind speed days (ours),Wind speed before QC removals (ours),Temp BMP280 (ours),Temp BMP280 days (ours),Temp HTU21D (ours),Temp HTU21D days (ours),Temp SHT31D (ours),Temp SHT31D days (ours),RH HTU21D (ours),RH HTU21D days (ours),RH SHT31D (ours),RH SHT31D days (ours)
Ankara,17130,98.18,98.27,1077,98.45,83.03,97.99,1074,98.45,97.99,97.99,1074,98.18,98.27,98.27,1077,98.45,,,,,,,,,,
Ankara,TSMS00,98.08,98.63,1081,98.63,46.72,45.8,502,98.81,86.95,87.5,959,87.5,88.59,96.08,1053,96.08,87.5,959.0,46.99,515.0,0.0,0.0,45.8,502.0,0.0,0.0
Ankara,TSMS01,81.2,81.84,897,81.84,41.97,42.61,467,77.1,56.39,56.93,624,56.93,85.13,85.95,942,85.95,56.93,624.0,45.07,494.0,0.0,0.0,42.61,467.0,0.0,0.0
Ankara,TSMS02,80.29,80.66,884,80.66,59.58,60.04,658,80.57,80.38,80.66,884,80.66,49.54,55.84,612,81.66,80.66,884.0,18.25,200.0,42.06,461.0,18.07,198.0,41.97,460.0
Konya,17245,91.97,98.18,1076,98.18,78.19,98.18,1076,98.18,99.18,98.18,1076,98.18,99.91,98.18,1076,98.18,,,,,,,,,,
Konya,TSMS03,88.59,93.16,1021,93.16,87.68,91.24,1000,92.06,88.69,93.16,1021,93.16,56.84,93.25,1022,93.25,93.16,1021.0,39.6,434.0,53.19,583.0,38.05,417.0,53.19,583.0
Konya,TSMS04,88.41,87.68,961,87.68,78.47,81.02,888,86.13,88.5,92.97,1019,92.97,56.3,92.97,1019,92.97,87.68,961.0,84.31,924.0,0.0,0.0,81.02,888.0,0.0,0.0
Konya,TSMS05,88.32,92.88,1018,92.88,88.32,92.43,1013,92.52,88.41,92.88,1018,92.88,52.1,92.88,1018,92.88,92.88,1018.0,39.87,437.0,52.74,578.0,39.69,435.0,52.74,578.0
Adana,17351,97.9,97.99,1074,97.99,65.05,96.9,1062,96.9,97.99,97.99,1074,97.99,64.42,91.97,1008,97.99,,,,,,,,,,
Adana,TSMS06,85.86,86.77,951,93.25,84.76,85.49,937,92.88,71.26,71.9,788,94.07,88.32,94.16,1032,94.16,87.14,955.0,37.14,407.0,49.18,539.0,36.22,397.0,49.18,539.0
Adana,TSMS07,95.89,97.08,1064,97.08,88.59,88.41,969,90.97,80.29,80.93,887,94.98,89.87,97.08,1064,97.08,80.93,887.0,97.08,1064.0,0.0,0.0,88.41,969.0,0.0,0.0
Adana,TSMS08,95.89,96.9,1062,96.99,80.93,81.57,894,83.03,79.65,80.2,879,80.66,50.27,58.49,641,97.17,96.99,1063.0,37.41,410.0,45.44,498.0,36.04,395.0,45.44,498.0
