Site,Station,Temperature (report),Temperature (ours),Temperature before QC removals (ours),RH (report),RH (ours),RH before QC removals (ours),Pressure (report),Pressure (ours),Pressure before QC removals (ours),Wind speed (report),Wind speed (ours),Wind speed before QC removals (ours),Temp BMP280 (ours),Temp HTU21D (ours),Temp SHT31D (ours),RH HTU21D (ours),RH SHT31D (ours)
Ankara,17130,98.33,98.55,98.74,85.53,98.43,98.72,98.24,98.46,98.67,98.07,98.58,98.76,,,,,
Ankara,TSMS00,97.48,98.44,98.46,77.43,72.33,98.81,87.14,87.68,87.69,90.72,95.92,95.92,87.68,80.75,0.0,72.33,0.0
Ankara,TSMS01,81.48,82.4,82.4,62.87,63.95,80.28,57.03,57.57,57.57,85.46,86.45,86.45,57.57,67.02,0.0,63.95,0.0
Ankara,TSMS02,80.94,81.77,81.77,70.97,70.76,81.61,81.32,81.77,81.77,52.77,56.56,82.35,81.77,29.94,42.96,28.14,42.62
Konya,17245,94.28,98.01,98.01,82.74,98.0,98.01,97.81,98.01,98.01,99.28,98.01,98.01,,,,,
Konya,TSMS03,88.82,93.64,93.64,87.62,92.42,93.2,89.11,93.64,93.64,66.4,93.71,93.71,93.62,39.8,53.74,38.86,53.56
Konya,TSMS04,88.82,88.41,88.42,83.56,87.9,90.51,89.12,93.64,93.64,73.64,93.65,93.65,88.42,87.43,0.0,87.9,0.0
Konya,TSMS05,88.8,93.69,93.69,87.94,93.14,93.43,89.16,93.69,93.69,70.82,93.7,93.7,93.69,39.86,53.64,39.58,53.55
Adana,17351,98.62,99.05,99.07,80.29,98.36,98.37,98.83,99.07,99.07,81.95,93.18,99.07,,,,,
Adana,TSMS06,86.41,87.23,94.71,85.42,86.25,94.38,71.87,72.48,95.21,90.25,95.26,95.26,87.66,37.85,49.07,37.33,48.92
Adana,TSMS07,95.81,96.65,96.65,91.99,92.22,93.94,80.23,80.83,94.64,91.2,96.65,96.65,80.82,96.65,0.0,92.22,0.0
Adana,TSMS08,95.94,96.64,96.8,81.11,81.59,82.92,79.83,80.27,80.56,55.15,58.02,96.86,96.66,38.02,44.73,37.03,44.56
