Site,Station,N (report),N (ours),Mean abs error ° (report),Mean abs error ° (ours),Median abs error ° (report),Median abs error ° (ours),Within ±22.5° % (report),Within ±22.5° % (ours),Within ±45° % (report),Within ±45° % (ours),Within ±90° % (report),Within ±90° % (ours)
Ankara,TSMS00,559144,1194292,45.8,51.84,36.0,40.52,32.79,29.37,59.65,54.45,87.32,82.41
Ankara,TSMS01,369309,1049397,48.05,53.86,31.87,37.63,37.83,32.57,62.84,56.76,82.08,78.76
Ankara,TSMS02,380553,670700,45.58,49.25,33.51,35.0,34.94,34.65,62.25,59.87,86.1,82.64
Konya,TSMS03,197124,753367,85.99,82.43,84.75,78.9,13.93,15.57,27.14,29.8,53.06,56.32
Konya,TSMS04,250482,824460,93.61,91.95,96.71,93.4,10.92,11.81,21.8,23.28,45.84,48.01
Konya,TSMS05,144822,713738,84.63,84.36,84.0,81.86,14.57,14.71,27.94,28.37,53.53,54.71
Adana,TSMS06,423386,632006,17.35,17.73,11.5,11.0,72.85,74.49,92.65,92.14,99.16,98.42
Adana,TSMS07,579854,854762,17.71,19.84,12.9,13.0,71.18,70.63,93.47,91.32,99.45,97.99
Adana,TSMS08,331365,484906,17.08,24.57,10.96,13.0,74.53,67.97,92.49,86.11,98.94,94.03
