Site,Station,Sensor,In report?,N (report),N (ours),Bias (report),Bias (ours),MAE (report),MAE (ours),RMSE (report),RMSE (ours),R2 (report),R2 (ours)
Ankara,TSMS00,"Active sensor (SHT31D, else HTU21D)",yes (report sensor),1059354.0,1124946,-2.204,-2.199,4.101,3.73,6.468,6.48,0.918,0.925
Ankara,TSMS00,HTU21D,no (extra sensor/variant),,1124946,,-2.199,,3.73,,6.48,,0.925
Ankara,TSMS01,"Active sensor (SHT31D, else HTU21D)",yes (report sensor),856603.0,992461,0.494,0.293,4.142,4.112,7.22,8.279,0.888,0.864
Ankara,TSMS01,HTU21D,no (extra sensor/variant),,992461,,0.293,,4.112,,8.279,,0.864
Ankara,TSMS02,"Active sensor (SHT31D, else HTU21D)",yes (report sensor),968502.0,1097925,0.262,0.195,2.877,2.983,5.805,6.575,0.926,0.91
Ankara,TSMS02,HTU21D,no (extra sensor/variant),,442527,,0.537,,4.729,,9.872,,0.805
Ankara,TSMS02,SHT31D,no (extra sensor/variant),,655398,,-0.036,,1.804,,2.574,,0.986
Konya,TSMS03,"Active sensor (SHT31D, else HTU21D)",yes (report sensor),1150722.0,1428786,-2.971,3.652,6.846,4.316,8.757,5.621,0.858,0.969
Konya,TSMS03,HTU21D,no (extra sensor/variant),,604566,,6.062,,6.498,,7.704,,0.984
Konya,TSMS03,SHT31D,no (extra sensor/variant),,824220,,1.885,,2.716,,3.353,,0.98
Konya,TSMS04,"Active sensor (SHT31D, else HTU21D)",yes (report sensor),1110912.0,1358741,0.206,6.855,5.84,7.132,7.621,8.546,0.878,0.978
Konya,TSMS04,HTU21D,no (extra sensor/variant),,1358741,,6.855,,7.132,,8.546,,0.978
Konya,TSMS05,"Active sensor (SHT31D, else HTU21D)",yes (report sensor),1155156.0,1440088,-4.147,2.485,6.898,3.499,8.876,4.555,0.871,0.979
Konya,TSMS05,HTU21D,no (extra sensor/variant),,615983,,3.514,,4.892,,5.948,,0.985
Konya,TSMS05,SHT31D,no (extra sensor/variant),,824105,,1.716,,2.457,,3.133,,0.984
Adana,TSMS06,"Active sensor (SHT31D, else HTU21D)",yes (report sensor),1093229.0,1345127,0.76,0.341,3.102,3.346,4.031,4.397,0.971,0.97
Adana,TSMS06,HTU21D,no (extra sensor/variant),,585974,,0.583,,3.403,,4.211,,0.971
Adana,TSMS06,SHT31D,no (extra sensor/variant),,759153,,0.154,,3.302,,4.536,,0.971
Adana,TSMS07,"Active sensor (SHT31D, else HTU21D)",yes (report sensor),1198689.0,1447091,4.924,4.648,5.427,5.361,6.13,6.079,0.969,0.967
Adana,TSMS07,HTU21D,no (extra sensor/variant),,1447091,,4.648,,5.361,,6.079,,0.967
Adana,TSMS08,"Active sensor (SHT31D, else HTU21D)",yes (report sensor),1042763.0,1272997,1.801,1.403,3.549,3.659,4.518,4.611,0.968,0.97
Adana,TSMS08,HTU21D,no (extra sensor/variant),,582561,,2.299,,3.966,,4.654,,0.972
Adana,TSMS08,SHT31D,no (extra sensor/variant),,690436,,0.647,,3.399,,4.575,,0.975
