Site,Station,N (ours),N (report),Mean abs (ours),Mean abs (report),Median abs (ours),Median abs (report),% ≤22.5 (ours),% ≤22.5 (report),% ≤45 (ours),% ≤45 (report),% ≤90 (ours),% ≤90 (report)
Ankara,TSMS00,1185267,559144,51.81,45.8,40.56,36.0,29.35,32.79,54.44,59.65,82.45,87.32
Ankara,TSMS01,1062758,369309,54.27,48.05,37.8,31.87,32.33,37.83,56.66,62.84,78.43,82.08
Ankara,TSMS02,654627,380553,49.37,45.58,35.1,33.51,34.58,34.94,59.74,62.25,82.57,86.1
Konya,TSMS03,735490,197124,82.41,85.99,78.83,84.75,15.57,13.93,29.81,27.14,56.35,53.06
Konya,TSMS04,801563,250482,91.99,93.61,93.5,96.71,11.78,10.92,23.24,21.8,47.98,45.84
Konya,TSMS05,696600,144822,84.18,84.63,81.6,84.0,14.77,14.57,28.48,27.94,54.85,53.53
Adana,TSMS06,618006,423386,17.9,17.35,11.0,11.5,74.31,72.85,92.03,92.65,98.32,99.16
Adana,TSMS07,843041,579854,19.84,17.71,13.0,12.9,70.6,71.18,91.34,93.47,97.99,99.45
Adana,TSMS08,506231,331365,24.52,17.08,13.0,10.96,67.55,74.53,85.98,92.49,94.25,98.94
